split,label,class_name,output_path,source_path
train,0,cat,data\train\cat\cat_001.jpg,C:\Users\Levi\Desktop\STAT6207_Assignment1_Starter\data\raw\oxford-iiit-pet\images\Sphynx_166.jpg
train,0,cat,data\train\cat\cat_002.jpg,C:\Users\Levi\Desktop\STAT6207_Assignment1_Starter\data\raw\oxford-iiit-pet\images\Abyssinian_191.jpg
train,0,cat,data\train\cat\cat_003.jpg,C:\Users\Levi\Desktop\STAT6207_Assignment1_Starter\data\raw\oxford-iiit-pet\images\Bombay_138.jpg
train,0,cat,data\train\cat\cat_004.jpg,C:\Users\Levi\Desktop\STAT6207_Assignment1_Starter\data\raw\oxford-iiit-pet\images\Persian_201.jpg
train,0,cat,data\train\cat\cat_005.jpg,C:\Users\Levi\Desktop\STAT6207_Assignment1_Starter\data\raw\oxford-iiit-pet\images\Egyptian_Mau_120.jpg
train,0,cat,data\train\cat\cat_006.jpg,C:\Users\Levi\Desktop\STAT6207_Assignment1_Starter\data\raw\oxford-iiit-pet\images\Egyptian_Mau_122.jpg
train,0,cat,data\train\cat\cat_007.jpg,C:\Users\Levi\Desktop\STAT6207_Assignment1_Starter\data\raw\oxford-iiit-pet\images\Bombay_146.jpg
train,0,cat,data\train\cat\cat_008.jpg,C:\Users\Levi\Desktop\STAT6207_Assignment1_Starter\data\raw\oxford-iiit-pet\images\Persian_152.jpg
train,0,cat,data\train\cat\cat_009.jpg,C:\Users\Levi\Desktop\STAT6207_Assignment1_Starter\data\raw\oxford-iiit-pet\images\Birman_184.jpg
train,0,cat,data\train\cat\cat_010.jpg,C:\Users\Levi\Desktop\STAT6207_Assignment1_Starter\data\raw\oxford-iiit-pet\images\Persian_175.jpg
train,0,cat,data\train\cat\cat_011.jpg,C:\Users\Levi\Desktop\STAT6207_Assignment1_Starter\data\raw\oxford-iiit-pet\images\Birman_143.jpg
train,0,cat,data\train\cat\cat_012.jpg,C:\Users\Levi\Desktop\STAT6207_Assignment1_Starter\data\raw\oxford-iiit-pet\images\Russian_Blue_182.jpg
train,0,cat,data\train\cat\cat_013.jpg,C:\Users\Levi\Desktop\STAT6207_Assignment1_Starter\data\raw\oxford-iiit-pet\images\Bombay_183.jpg
train,0,cat,data\train\cat\cat_014.jpg,C:\Users\Levi\Desktop\STAT6207_Assignment1_Starter\data\raw\oxford-iiit-pet\images\Bengal_115.jpg
train,0,cat,data\train\cat\cat_015.jpg,C:\Users\Levi\Desktop\STAT6207_Assignment1_Starter\data\raw\oxford-iiit-pet\images\Sphynx_203.jpg
train,0,cat,data\train\cat\cat_016.jpg,C:\Users\Levi\Desktop\STAT6207_Assignment1_Starter\data\raw\oxford-iiit-pet\images\Maine_Coon_104.jpg
train,0,cat,data\train\cat\cat_017.jpg,C:\Users\Levi\Desktop\STAT6207_Assignment1_Starter\data\raw\oxford-iiit-pet\images\Persian_105.jpg
train,0,cat,data\train\cat\cat_018.jpg,C:\Users\Levi\Desktop\STAT6207_Assignment1_Starter\data\raw\oxford-iiit-pet\images\Egyptian_Mau_185.jpg
train,0,cat,data\train\cat\cat_019.jpg,C:\Users\Levi\Desktop\STAT6207_Assignment1_Starter\data\raw\oxford-iiit-pet\images\Egyptian_Mau_126.jpg
train,0,cat,data\train\cat\cat_020.jpg,C:\Users\Levi\Desktop\STAT6207_Assignment1_Starter\data\raw\oxford-iiit-pet\images\Bengal_14.jpg
train,0,cat,data\train\cat\cat_021.jpg,C:\Users\Levi\Desktop\STAT6207_Assignment1_Starter\data\raw\oxford-iiit-pet\images\Abyssinian_17.jpg
train,0,cat,data\train\cat\cat_022.jpg,C:\Users\Levi\Desktop\STAT6207_Assignment1_Starter\data\raw\oxford-iiit-pet\images\Maine_Coon_163.jpg
train,0,cat,data\train\cat\cat_023.jpg,C:\Users\Levi\Desktop\STAT6207_Assignment1_Starter\data\raw\oxford-iiit-pet\images\Bombay_175.jpg
train,0,cat,data\train\cat\cat_024.jpg,C:\Users\Levi\Desktop\STAT6207_Assignment1_Starter\data\raw\oxford-iiit-pet\images\British_Shorthair_190.jpg
train,0,cat,data\train\cat\cat_025.jpg,C:\Users\Levi\Desktop\STAT6207_Assignment1_Starter\data\raw\oxford-iiit-pet\images\Ragdoll_143.jpg
train,0,cat,data\train\cat\cat_026.jpg,C:\Users\Levi\Desktop\STAT6207_Assignment1_Starter\data\raw\oxford-iiit-pet\images\British_Shorthair_177.jpg
train,0,cat,data\train\cat\cat_027.jpg,C:\Users\Levi\Desktop\STAT6207_Assignment1_Starter\data\raw\oxford-iiit-pet\images\Abyssinian_137.jpg
train,0,cat,data\train\cat\cat_028.jpg,C:\Users\Levi\Desktop\STAT6207_Assignment1_Starter\data\raw\oxford-iiit-pet\images\Siamese_14.jpg
train,0,cat,data\train\cat\cat_029.jpg,C:\Users\Levi\Desktop\STAT6207_Assignment1_Starter\data\raw\oxford-iiit-pet\images\Bengal_134.jpg
train,0,cat,data\train\cat\cat_030.jpg,C:\Users\Levi\Desktop\STAT6207_Assignment1_Starter\data\raw\oxford-iiit-pet\images\Ragdoll_105.jpg
train,0,cat,data\train\cat\cat_031.jpg,C:\Users\Levi\Desktop\STAT6207_Assignment1_Starter\data\raw\oxford-iiit-pet\images\Bengal_15.jpg
train,0,cat,data\train\cat\cat_032.jpg,C:\Users\Levi\Desktop\STAT6207_Assignment1_Starter\data\raw\oxford-iiit-pet\images\Egyptian_Mau_152.jpg
train,0,cat,data\train\cat\cat_033.jpg,C:\Users\Levi\Desktop\STAT6207_Assignment1_Starter\data\raw\oxford-iiit-pet\images\Maine_Coon_154.jpg
train,0,cat,data\train\cat\cat_034.jpg,C:\Users\Levi\Desktop\STAT6207_Assignment1_Starter\data\raw\oxford-iiit-pet\images\Birman_137.jpg
train,0,cat,data\train\cat\cat_035.jpg,C:\Users\Levi\Desktop\STAT6207_Assignment1_Starter\data\raw\oxford-iiit-pet\images\Ragdoll_155.jpg
train,0,cat,data\train\cat\cat_036.jpg,C:\Users\Levi\Desktop\STAT6207_Assignment1_Starter\data\raw\oxford-iiit-pet\images\Siamese_139.jpg
train,0,cat,data\train\cat\cat_037.jpg,C:\Users\Levi\Desktop\STAT6207_Assignment1_Starter\data\raw\oxford-iiit-pet\images\Sphynx_15.jpg
train,0,cat,data\train\cat\cat_038.jpg,C:\Users\Levi\Desktop\STAT6207_Assignment1_Starter\data\raw\oxford-iiit-pet\images\Siamese_145.jpg
train,0,cat,data\train\cat\cat_039.jpg,C:\Users\Levi\Desktop\STAT6207_Assignment1_Starter\data\raw\oxford-iiit-pet\images\Siamese_148.jpg
train,0,cat,data\train\cat\cat_040.jpg,C:\Users\Levi\Desktop\STAT6207_Assignment1_Starter\data\raw\oxford-iiit-pet\images\Sphynx_176.jpg
train,0,cat,data\train\cat\cat_041.jpg,C:\Users\Levi\Desktop\STAT6207_Assignment1_Starter\data\raw\oxford-iiit-pet\images\Abyssinian_105.jpg
train,0,cat,data\train\cat\cat_042.jpg,C:\Users\Levi\Desktop\STAT6207_Assignment1_Starter\data\raw\oxford-iiit-pet\images\Siamese_149.jpg
train,0,cat,data\train\cat\cat_043.jpg,C:\Users\Levi\Desktop\STAT6207_Assignment1_Starter\data\raw\oxford-iiit-pet\images\Birman_118.jpg
train,0,cat,data\train\cat\cat_044.jpg,C:\Users\Levi\Desktop\STAT6207_Assignment1_Starter\data\raw\oxford-iiit-pet\images\Ragdoll_141.jpg
train,0,cat,data\train\cat\cat_045.jpg,C:\Users\Levi\Desktop\STAT6207_Assignment1_Starter\data\raw\oxford-iiit-pet\images\Ragdoll_116.jpg
train,0,cat,data\train\cat\cat_046.jpg,C:\Users\Levi\Desktop\STAT6207_Assignment1_Starter\data\raw\oxford-iiit-pet\images\Bengal_152.jpg
train,0,cat,data\train\cat\cat_047.jpg,C:\Users\Levi\Desktop\STAT6207_Assignment1_Starter\data\raw\oxford-iiit-pet\images\Bombay_153.jpg
train,0,cat,data\train\cat\cat_048.jpg,C:\Users\Levi\Desktop\STAT6207_Assignment1_Starter\data\raw\oxford-iiit-pet\images\Abyssinian_127.jpg
train,0,cat,data\train\cat\cat_049.jpg,C:\Users\Levi\Desktop\STAT6207_Assignment1_Starter\data\raw\oxford-iiit-pet\images\Abyssinian_157.jpg
train,0,cat,data\train\cat\cat_050.jpg,C:\Users\Levi\Desktop\STAT6207_Assignment1_Starter\data\raw\oxford-iiit-pet\images\Persian_141.jpg
train,0,cat,data\train\cat\cat_051.jpg,C:\Users\Levi\Desktop\STAT6207_Assignment1_Starter\data\raw\oxford-iiit-pet\images\Birman_178.jpg
train,0,cat,data\train\cat\cat_052.jpg,C:\Users\Levi\Desktop\STAT6207_Assignment1_Starter\data\raw\oxford-iiit-pet\images\Bombay_172.jpg
train,0,cat,data\train\cat\cat_053.jpg,C:\Users\Levi\Desktop\STAT6207_Assignment1_Starter\data\raw\oxford-iiit-pet\images\Maine_Coon_144.jpg
train,0,cat,data\train\cat\cat_054.jpg,C:\Users\Levi\Desktop\STAT6207_Assignment1_Starter\data\raw\oxford-iiit-pet\images\Sphynx_157.jpg
train,0,cat,data\train\cat\cat_055.jpg,C:\Users\Levi\Desktop\STAT6207_Assignment1_Starter\data\raw\oxford-iiit-pet\images\Bombay_129.jpg
train,0,cat,data\train\cat\cat_056.jpg,C:\Users\Levi\Desktop\STAT6207_Assignment1_Starter\data\raw\oxford-iiit-pet\images\Abyssinian_117.jpg
train,0,cat,data\train\cat\cat_057.jpg,C:\Users\Levi\Desktop\STAT6207_Assignment1_Starter\data\raw\oxford-iiit-pet\images\Birman_179.jpg
train,0,cat,data\train\cat\cat_058.jpg,C:\Users\Levi\Desktop\STAT6207_Assignment1_Starter\data\raw\oxford-iiit-pet\images\Bombay_130.jpg
train,0,cat,data\train\cat\cat_059.jpg,C:\Users\Levi\Desktop\STAT6207_Assignment1_Starter\data\raw\oxford-iiit-pet\images\Russian_Blue_151.jpg
train,0,cat,data\train\cat\cat_060.jpg,C:\Users\Levi\Desktop\STAT6207_Assignment1_Starter\data\raw\oxford-iiit-pet\images\Bombay_164.jpg
train,0,cat,data\train\cat\cat_061.jpg,C:\Users\Levi\Desktop\STAT6207_Assignment1_Starter\data\raw\oxford-iiit-pet\images\Sphynx_196.jpg
train,0,cat,data\train\cat\cat_062.jpg,C:\Users\Levi\Desktop\STAT6207_Assignment1_Starter\data\raw\oxford-iiit-pet\images\Persian_171.jpg
train,0,cat,data\train\cat\cat_063.jpg,C:\Users\Levi\Desktop\STAT6207_Assignment1_Starter\data\raw\oxford-iiit-pet\images\Persian_189.jpg
train,0,cat,data\train\cat\cat_064.jpg,C:\Users\Levi\Desktop\STAT6207_Assignment1_Starter\data\raw\oxford-iiit-pet\images\Maine_Coon_195.jpg
train,0,cat,data\train\cat\cat_065.jpg,C:\Users\Levi\Desktop\STAT6207_Assignment1_Starter\data\raw\oxford-iiit-pet\images\Ragdoll_197.jpg
train,0,cat,data\train\cat\cat_066.jpg,C:\Users\Levi\Desktop\STAT6207_Assignment1_Starter\data\raw\oxford-iiit-pet\images\Abyssinian_150.jpg
train,0,cat,data\train\cat\cat_067.jpg,C:\Users\Levi\Desktop\STAT6207_Assignment1_Starter\data\raw\oxford-iiit-pet\images\Bengal_124.jpg
train,0,cat,data\train\cat\cat_068.jpg,C:\Users\Levi\Desktop\STAT6207_Assignment1_Starter\data\raw\oxford-iiit-pet\images\Sphynx_174.jpg
train,0,cat,data\train\cat\cat_069.jpg,C:\Users\Levi\Desktop\STAT6207_Assignment1_Starter\data\raw\oxford-iiit-pet\images\Siamese_153.jpg
train,0,cat,data\train\cat\cat_070.jpg,C:\Users\Levi\Desktop\STAT6207_Assignment1_Starter\data\raw\oxford-iiit-pet\images\Abyssinian_146.jpg
train,0,cat,data\train\cat\cat_071.jpg,C:\Users\Levi\Desktop\STAT6207_Assignment1_Starter\data\raw\oxford-iiit-pet\images\Siamese_198.jpg
train,0,cat,data\train\cat\cat_072.jpg,C:\Users\Levi\Desktop\STAT6207_Assignment1_Starter\data\raw\oxford-iiit-pet\images\Siamese_179.jpg
train,0,cat,data\train\cat\cat_073.jpg,C:\Users\Levi\Desktop\STAT6207_Assignment1_Starter\data\raw\oxford-iiit-pet\images\Ragdoll_190.jpg
train,0,cat,data\train\cat\cat_074.jpg,C:\Users\Levi\Desktop\STAT6207_Assignment1_Starter\data\raw\oxford-iiit-pet\images\Bengal_187.jpg
train,0,cat,data\train\cat\cat_075.jpg,C:\Users\Levi\Desktop\STAT6207_Assignment1_Starter\data\raw\oxford-iiit-pet\images\Abyssinian_133.jpg
train,0,cat,data\train\cat\cat_076.jpg,C:\Users\Levi\Desktop\STAT6207_Assignment1_Starter\data\raw\oxford-iiit-pet\images\Bombay_178.jpg
train,0,cat,data\train\cat\cat_077.jpg,C:\Users\Levi\Desktop\STAT6207_Assignment1_Starter\data\raw\oxford-iiit-pet\images\Abyssinian_118.jpg
train,0,cat,data\train\cat\cat_078.jpg,C:\Users\Levi\Desktop\STAT6207_Assignment1_Starter\data\raw\oxford-iiit-pet\images\Bombay_169.jpg
train,0,cat,data\train\cat\cat_079.jpg,C:\Users\Levi\Desktop\STAT6207_Assignment1_Starter\data\raw\oxford-iiit-pet\images\Russian_Blue_100.jpg
train,0,cat,data\train\cat\cat_080.jpg,C:\Users\Levi\Desktop\STAT6207_Assignment1_Starter\data\raw\oxford-iiit-pet\images\Persian_100.jpg
train,0,cat,data\train\cat\cat_081.jpg,C:\Users\Levi\Desktop\STAT6207_Assignment1_Starter\data\raw\oxford-iiit-pet\images\Maine_Coon_217.jpg
train,0,cat,data\train\cat\cat_082.jpg,C:\Users\Levi\Desktop\STAT6207_Assignment1_Starter\data\raw\oxford-iiit-pet\images\British_Shorthair_209.jpg
train,0,cat,data\train\cat\cat_083.jpg,C:\Users\Levi\Desktop\STAT6207_Assignment1_Starter\data\raw\oxford-iiit-pet\images\Abyssinian_128.jpg
train,0,cat,data\train\cat\cat_084.jpg,C:\Users\Levi\Desktop\STAT6207_Assignment1_Starter\data\raw\oxford-iiit-pet\images\Bengal_177.jpg
train,0,cat,data\train\cat\cat_085.jpg,C:\Users\Levi\Desktop\STAT6207_Assignment1_Starter\data\raw\oxford-iiit-pet\images\British_Shorthair_117.jpg
train,0,cat,data\train\cat\cat_086.jpg,C:\Users\Levi\Desktop\STAT6207_Assignment1_Starter\data\raw\oxford-iiit-pet\images\Siamese_127.jpg
train,0,cat,data\train\cat\cat_087.jpg,C:\Users\Levi\Desktop\STAT6207_Assignment1_Starter\data\raw\oxford-iiit-pet\images\Siamese_116.jpg
train,0,cat,data\train\cat\cat_088.jpg,C:\Users\Levi\Desktop\STAT6207_Assignment1_Starter\data\raw\oxford-iiit-pet\images\Bombay_151.jpg
train,0,cat,data\train\cat\cat_089.jpg,C:\Users\Levi\Desktop\STAT6207_Assignment1_Starter\data\raw\oxford-iiit-pet\images\Ragdoll_118.jpg
train,0,cat,data\train\cat\cat_090.jpg,C:\Users\Levi\Desktop\STAT6207_Assignment1_Starter\data\raw\oxford-iiit-pet\images\Russian_Blue_160.jpg
train,0,cat,data\train\cat\cat_091.jpg,C:\Users\Levi\Desktop\STAT6207_Assignment1_Starter\data\raw\oxford-iiit-pet\images\Siamese_138.jpg
train,0,cat,data\train\cat\cat_092.jpg,C:\Users\Levi\Desktop\STAT6207_Assignment1_Starter\data\raw\oxford-iiit-pet\images\Russian_Blue_136.jpg
train,0,cat,data\train\cat\cat_093.jpg,C:\Users\Levi\Desktop\STAT6207_Assignment1_Starter\data\raw\oxford-iiit-pet\images\Birman_165.jpg
train,0,cat,data\train\cat\cat_094.jpg,C:\Users\Levi\Desktop\STAT6207_Assignment1_Starter\data\raw\oxford-iiit-pet\images\Ragdoll_193.jpg
train,0,cat,data\train\cat\cat_095.jpg,C:\Users\Levi\Desktop\STAT6207_Assignment1_Starter\data\raw\oxford-iiit-pet\images\Egyptian_Mau_141.jpg
train,0,cat,data\train\cat\cat_096.jpg,C:\Users\Levi\Desktop\STAT6207_Assignment1_Starter\data\raw\oxford-iiit-pet\images\Bengal_110.jpg
train,0,cat,data\train\cat\cat_097.jpg,C:\Users\Levi\Desktop\STAT6207_Assignment1_Starter\data\raw\oxford-iiit-pet\images\Bombay_111.jpg
train,0,cat,data\train\cat\cat_098.jpg,C:\Users\Levi\Desktop\STAT6207_Assignment1_Starter\data\raw\oxford-iiit-pet\images\Russian_Blue_107.jpg
train,0,cat,data\train\cat\cat_099.jpg,C:\Users\Levi\Desktop\STAT6207_Assignment1_Starter\data\raw\oxford-iiit-pet\images\Bengal_161.jpg
train,0,cat,data\train\cat\cat_100.jpg,C:\Users\Levi\Desktop\STAT6207_Assignment1_Starter\data\raw\oxford-iiit-pet\images\Egyptian_Mau_118.jpg
train,0,cat,data\train\cat\cat_101.jpg,C:\Users\Levi\Desktop\STAT6207_Assignment1_Starter\data\raw\oxford-iiit-pet\images\Birman_188.jpg
train,0,cat,data\train\cat\cat_102.jpg,C:\Users\Levi\Desktop\STAT6207_Assignment1_Starter\data\raw\oxford-iiit-pet\images\Egyptian_Mau_197.jpg
train,0,cat,data\train\cat\cat_103.jpg,C:\Users\Levi\Desktop\STAT6207_Assignment1_Starter\data\raw\oxford-iiit-pet\images\Bombay_134.jpg
train,0,cat,data\train\cat\cat_104.jpg,C:\Users\Levi\Desktop\STAT6207_Assignment1_Starter\data\raw\oxford-iiit-pet\images\Sphynx_19.jpg
train,0,cat,data\train\cat\cat_105.jpg,C:\Users\Levi\Desktop\STAT6207_Assignment1_Starter\data\raw\oxford-iiit-pet\images\Siamese_104.jpg
train,0,cat,data\train\cat\cat_106.jpg,C:\Users\Levi\Desktop\STAT6207_Assignment1_Starter\data\raw\oxford-iiit-pet\images\Bombay_131.jpg
train,0,cat,data\train\cat\cat_107.jpg,C:\Users\Levi\Desktop\STAT6207_Assignment1_Starter\data\raw\oxford-iiit-pet\images\Ragdoll_153.jpg
train,0,cat,data\train\cat\cat_108.jpg,C:\Users\Levi\Desktop\STAT6207_Assignment1_Starter\data\raw\oxford-iiit-pet\images\Persian_160.jpg
train,0,cat,data\train\cat\cat_109.jpg,C:\Users\Levi\Desktop\STAT6207_Assignment1_Starter\data\raw\oxford-iiit-pet\images\Bengal_103.jpg
train,0,cat,data\train\cat\cat_110.jpg,C:\Users\Levi\Desktop\STAT6207_Assignment1_Starter\data\raw\oxford-iiit-pet\images\Maine_Coon_173.jpg
train,0,cat,data\train\cat\cat_111.jpg,C:\Users\Levi\Desktop\STAT6207_Assignment1_Starter\data\raw\oxford-iiit-pet\images\Bengal_104.jpg
train,0,cat,data\train\cat\cat_112.jpg,C:\Users\Levi\Desktop\STAT6207_Assignment1_Starter\data\raw\oxford-iiit-pet\images\Birman_181.jpg
train,0,cat,data\train\cat\cat_113.jpg,C:\Users\Levi\Desktop\STAT6207_Assignment1_Starter\data\raw\oxford-iiit-pet\images\British_Shorthair_178.jpg
train,0,cat,data\train\cat\cat_114.jpg,C:\Users\Levi\Desktop\STAT6207_Assignment1_Starter\data\raw\oxford-iiit-pet\images\Ragdoll_139.jpg
train,0,cat,data\train\cat\cat_115.jpg,C:\Users\Levi\Desktop\STAT6207_Assignment1_Starter\data\raw\oxford-iiit-pet\images\Siamese_175.jpg
train,0,cat,data\train\cat\cat_116.jpg,C:\Users\Levi\Desktop\STAT6207_Assignment1_Starter\data\raw\oxford-iiit-pet\images\Persian_188.jpg
train,0,cat,data\train\cat\cat_117.jpg,C:\Users\Levi\Desktop\STAT6207_Assignment1_Starter\data\raw\oxford-iiit-pet\images\Egyptian_Mau_192.jpg
train,0,cat,data\train\cat\cat_118.jpg,C:\Users\Levi\Desktop\STAT6207_Assignment1_Starter\data\raw\oxford-iiit-pet\images\British_Shorthair_119.jpg
train,0,cat,data\train\cat\cat_119.jpg,C:\Users\Levi\Desktop\STAT6207_Assignment1_Starter\data\raw\oxford-iiit-pet\images\Siamese_184.jpg
train,0,cat,data\train\cat\cat_120.jpg,C:\Users\Levi\Desktop\STAT6207_Assignment1_Starter\data\raw\oxford-iiit-pet\images\British_Shorthair_107.jpg
train,1,dog,data\train\dog\dog_001.jpg,C:\Users\Levi\Desktop\STAT6207_Assignment1_Starter\data\raw\oxford-iiit-pet\images\boxer_130.jpg
train,1,dog,data\train\dog\dog_002.jpg,C:\Users\Levi\Desktop\STAT6207_Assignment1_Starter\data\raw\oxford-iiit-pet\images\german_shorthaired_180.jpg
train,1,dog,data\train\dog\dog_003.jpg,C:\Users\Levi\Desktop\STAT6207_Assignment1_Starter\data\raw\oxford-iiit-pet\images\newfoundland_181.jpg
train,1,dog,data\train\dog\dog_004.jpg,C:\Users\Levi\Desktop\STAT6207_Assignment1_Starter\data\raw\oxford-iiit-pet\images\japanese_chin_186.jpg
train,1,dog,data\train\dog\dog_005.jpg,C:\Users\Levi\Desktop\STAT6207_Assignment1_Starter\data\raw\oxford-iiit-pet\images\basset_hound_149.jpg
train,1,dog,data\train\dog\dog_006.jpg,C:\Users\Levi\Desktop\STAT6207_Assignment1_Starter\data\raw\oxford-iiit-pet\images\chihuahua_166.jpg
train,1,dog,data\train\dog\dog_007.jpg,C:\Users\Levi\Desktop\STAT6207_Assignment1_Starter\data\raw\oxford-iiit-pet\images\yorkshire_terrier_180.jpg
train,1,dog,data\train\dog\dog_008.jpg,C:\Users\Levi\Desktop\STAT6207_Assignment1_Starter\data\raw\oxford-iiit-pet\images\great_pyrenees_179.jpg
train,1,dog,data\train\dog\dog_009.jpg,C:\Users\Levi\Desktop\STAT6207_Assignment1_Starter\data\raw\oxford-iiit-pet\images\pomeranian_127.jpg
train,1,dog,data\train\dog\dog_010.jpg,C:\Users\Levi\Desktop\STAT6207_Assignment1_Starter\data\raw\oxford-iiit-pet\images\samoyed_10.jpg
train,1,dog,data\train\dog\dog_011.jpg,C:\Users\Levi\Desktop\STAT6207_Assignment1_Starter\data\raw\oxford-iiit-pet\images\basset_hound_16.jpg
train,1,dog,data\train\dog\dog_012.jpg,C:\Users\Levi\Desktop\STAT6207_Assignment1_Starter\data\raw\oxford-iiit-pet\images\leonberger_130.jpg
train,1,dog,data\train\dog\dog_013.jpg,C:\Users\Levi\Desktop\STAT6207_Assignment1_Starter\data\raw\oxford-iiit-pet\images\havanese_181.jpg
train,1,dog,data\train\dog\dog_014.jpg,C:\Users\Levi\Desktop\STAT6207_Assignment1_Starter\data\raw\oxford-iiit-pet\images\beagle_119.jpg
train,1,dog,data\train\dog\dog_015.jpg,C:\Users\Levi\Desktop\STAT6207_Assignment1_Starter\data\raw\oxford-iiit-pet\images\yorkshire_terrier_156.jpg
train,1,dog,data\train\dog\dog_016.jpg,C:\Users\Levi\Desktop\STAT6207_Assignment1_Starter\data\raw\oxford-iiit-pet\images\newfoundland_169.jpg
train,1,dog,data\train\dog\dog_017.jpg,C:\Users\Levi\Desktop\STAT6207_Assignment1_Starter\data\raw\oxford-iiit-pet\images\leonberger_140.jpg
train,1,dog,data\train\dog\dog_018.jpg,C:\Users\Levi\Desktop\STAT6207_Assignment1_Starter\data\raw\oxford-iiit-pet\images\wheaten_terrier_101.jpg
train,1,dog,data\train\dog\dog_019.jpg,C:\Users\Levi\Desktop\STAT6207_Assignment1_Starter\data\raw\oxford-iiit-pet\images\pug_18.jpg
train,1,dog,data\train\dog\dog_020.jpg,C:\Users\Levi\Desktop\STAT6207_Assignment1_Starter\data\raw\oxford-iiit-pet\images\german_shorthaired_156.jpg
train,1,dog,data\train\dog\dog_021.jpg,C:\Users\Levi\Desktop\STAT6207_Assignment1_Starter\data\raw\oxford-iiit-pet\images\chihuahua_189.jpg
train,1,dog,data\train\dog\dog_022.jpg,C:\Users\Levi\Desktop\STAT6207_Assignment1_Starter\data\raw\oxford-iiit-pet\images\german_shorthaired_165.jpg
train,1,dog,data\train\dog\dog_023.jpg,C:\Users\Levi\Desktop\STAT6207_Assignment1_Starter\data\raw\oxford-iiit-pet\images\newfoundland_144.jpg
train,1,dog,data\train\dog\dog_024.jpg,C:\Users\Levi\Desktop\STAT6207_Assignment1_Starter\data\raw\oxford-iiit-pet\images\beagle_144.jpg
train,1,dog,data\train\dog\dog_025.jpg,C:\Users\Levi\Desktop\STAT6207_Assignment1_Starter\data\raw\oxford-iiit-pet\images\havanese_121.jpg
train,1,dog,data\train\dog\dog_026.jpg,C:\Users\Levi\Desktop\STAT6207_Assignment1_Starter\data\raw\oxford-iiit-pet\images\yorkshire_terrier_190.jpg
train,1,dog,data\train\dog\dog_027.jpg,C:\Users\Levi\Desktop\STAT6207_Assignment1_Starter\data\raw\oxford-iiit-pet\images\newfoundland_173.jpg
train,1,dog,data\train\dog\dog_028.jpg,C:\Users\Levi\Desktop\STAT6207_Assignment1_Starter\data\raw\oxford-iiit-pet\images\great_pyrenees_146.jpg
train,1,dog,data\train\dog\dog_029.jpg,C:\Users\Levi\Desktop\STAT6207_Assignment1_Starter\data\raw\oxford-iiit-pet\images\english_setter_152.jpg
train,1,dog,data\train\dog\dog_030.jpg,C:\Users\Levi\Desktop\STAT6207_Assignment1_Starter\data\raw\oxford-iiit-pet\images\english_cocker_spaniel_167.jpg
train,1,dog,data\train\dog\dog_031.jpg,C:\Users\Levi\Desktop\STAT6207_Assignment1_Starter\data\raw\oxford-iiit-pet\images\yorkshire_terrier_144.jpg
train,1,dog,data\train\dog\dog_032.jpg,C:\Users\Levi\Desktop\STAT6207_Assignment1_Starter\data\raw\oxford-iiit-pet\images\pomeranian_108.jpg
train,1,dog,data\train\dog\dog_033.jpg,C:\Users\Levi\Desktop\STAT6207_Assignment1_Starter\data\raw\oxford-iiit-pet\images\basset_hound_145.jpg
train,1,dog,data\train\dog\dog_034.jpg,C:\Users\Levi\Desktop\STAT6207_Assignment1_Starter\data\raw\oxford-iiit-pet\images\leonberger_145.jpg
train,1,dog,data\train\dog\dog_035.jpg,C:\Users\Levi\Desktop\STAT6207_Assignment1_Starter\data\raw\oxford-iiit-pet\images\english_cocker_spaniel_113.jpg
train,1,dog,data\train\dog\dog_036.jpg,C:\Users\Levi\Desktop\STAT6207_Assignment1_Starter\data\raw\oxford-iiit-pet\images\shiba_inu_177.jpg
train,1,dog,data\train\dog\dog_037.jpg,C:\Users\Levi\Desktop\STAT6207_Assignment1_Starter\data\raw\oxford-iiit-pet\images\pomeranian_16.jpg
train,1,dog,data\train\dog\dog_038.jpg,C:\Users\Levi\Desktop\STAT6207_Assignment1_Starter\data\raw\oxford-iiit-pet\images\american_pit_bull_terrier_106.jpg
train,1,dog,data\train\dog\dog_039.jpg,C:\Users\Levi\Desktop\STAT6207_Assignment1_Starter\data\raw\oxford-iiit-pet\images\samoyed_179.jpg
train,1,dog,data\train\dog\dog_040.jpg,C:\Users\Levi\Desktop\STAT6207_Assignment1_Starter\data\raw\oxford-iiit-pet\images\saint_bernard_181.jpg
train,1,dog,data\train\dog\dog_041.jpg,C:\Users\Levi\Desktop\STAT6207_Assignment1_Starter\data\raw\oxford-iiit-pet\images\german_shorthaired_15.jpg
train,1,dog,data\train\dog\dog_042.jpg,C:\Users\Levi\Desktop\STAT6207_Assignment1_Starter\data\raw\oxford-iiit-pet\images\staffordshire_bull_terrier_110.jpg
train,1,dog,data\train\dog\dog_043.jpg,C:\Users\Levi\Desktop\STAT6207_Assignment1_Starter\data\raw\oxford-iiit-pet\images\german_shorthaired_138.jpg
train,1,dog,data\train\dog\dog_044.jpg,C:\Users\Levi\Desktop\STAT6207_Assignment1_Starter\data\raw\oxford-iiit-pet\images\wheaten_terrier_124.jpg
train,1,dog,data\train\dog\dog_045.jpg,C:\Users\Levi\Desktop\STAT6207_Assignment1_Starter\data\raw\oxford-iiit-pet\images\havanese_161.jpg
train,1,dog,data\train\dog\dog_046.jpg,C:\Users\Levi\Desktop\STAT6207_Assignment1_Starter\data\raw\oxford-iiit-pet\images\boxer_146.jpg
train,1,dog,data\train\dog\dog_047.jpg,C:\Users\Levi\Desktop\STAT6207_Assignment1_Starter\data\raw\oxford-iiit-pet\images\english_cocker_spaniel_131.jpg
train,1,dog,data\train\dog\dog_048.jpg,C:\Users\Levi\Desktop\STAT6207_Assignment1_Starter\data\raw\oxford-iiit-pet\images\pomeranian_156.jpg
train,1,dog,data\train\dog\dog_049.jpg,C:\Users\Levi\Desktop\STAT6207_Assignment1_Starter\data\raw\oxford-iiit-pet\images\samoyed_178.jpg
train,1,dog,data\train\dog\dog_050.jpg,C:\Users\Levi\Desktop\STAT6207_Assignment1_Starter\data\raw\oxford-iiit-pet\images\shiba_inu_113.jpg
train,1,dog,data\train\dog\dog_051.jpg,C:\Users\Levi\Desktop\STAT6207_Assignment1_Starter\data\raw\oxford-iiit-pet\images\yorkshire_terrier_179.jpg
train,1,dog,data\train\dog\dog_052.jpg,C:\Users\Levi\Desktop\STAT6207_Assignment1_Starter\data\raw\oxford-iiit-pet\images\german_shorthaired_105.jpg
train,1,dog,data\train\dog\dog_053.jpg,C:\Users\Levi\Desktop\STAT6207_Assignment1_Starter\data\raw\oxford-iiit-pet\images\pug_117.jpg
train,1,dog,data\train\dog\dog_054.jpg,C:\Users\Levi\Desktop\STAT6207_Assignment1_Starter\data\raw\oxford-iiit-pet\images\shiba_inu_12.jpg
train,1,dog,data\train\dog\dog_055.jpg,C:\Users\Levi\Desktop\STAT6207_Assignment1_Starter\data\raw\oxford-iiit-pet\images\basset_hound_183.jpg
train,1,dog,data\train\dog\dog_056.jpg,C:\Users\Levi\Desktop\STAT6207_Assignment1_Starter\data\raw\oxford-iiit-pet\images\german_shorthaired_11.jpg
train,1,dog,data\train\dog\dog_057.jpg,C:\Users\Levi\Desktop\STAT6207_Assignment1_Starter\data\raw\oxford-iiit-pet\images\boxer_184.jpg
train,1,dog,data\train\dog\dog_058.jpg,C:\Users\Levi\Desktop\STAT6207_Assignment1_Starter\data\raw\oxford-iiit-pet\images\pomeranian_149.jpg
train,1,dog,data\train\dog\dog_059.jpg,C:\Users\Levi\Desktop\STAT6207_Assignment1_Starter\data\raw\oxford-iiit-pet\images\shiba_inu_108.jpg
train,1,dog,data\train\dog\dog_060.jpg,C:\Users\Levi\Desktop\STAT6207_Assignment1_Starter\data\raw\oxford-iiit-pet\images\german_shorthaired_109.jpg
train,1,dog,data\train\dog\dog_061.jpg,C:\Users\Levi\Desktop\STAT6207_Assignment1_Starter\data\raw\oxford-iiit-pet\images\american_bulldog_115.jpg
train,1,dog,data\train\dog\dog_062.jpg,C:\Users\Levi\Desktop\STAT6207_Assignment1_Starter\data\raw\oxford-iiit-pet\images\boxer_119.jpg
train,1,dog,data\train\dog\dog_063.jpg,C:\Users\Levi\Desktop\STAT6207_Assignment1_Starter\data\raw\oxford-iiit-pet\images\beagle_172.jpg
train,1,dog,data\train\dog\dog_064.jpg,C:\Users\Levi\Desktop\STAT6207_Assignment1_Starter\data\raw\oxford-iiit-pet\images\american_pit_bull_terrier_138.jpg
train,1,dog,data\train\dog\dog_065.jpg,C:\Users\Levi\Desktop\STAT6207_Assignment1_Starter\data\raw\oxford-iiit-pet\images\newfoundland_100.jpg
train,1,dog,data\train\dog\dog_066.jpg,C:\Users\Levi\Desktop\STAT6207_Assignment1_Starter\data\raw\oxford-iiit-pet\images\havanese_108.jpg
train,1,dog,data\train\dog\dog_067.jpg,C:\Users\Levi\Desktop\STAT6207_Assignment1_Starter\data\raw\oxford-iiit-pet\images\newfoundland_182.jpg
train,1,dog,data\train\dog\dog_068.jpg,C:\Users\Levi\Desktop\STAT6207_Assignment1_Starter\data\raw\oxford-iiit-pet\images\pug_132.jpg
train,1,dog,data\train\dog\dog_069.jpg,C:\Users\Levi\Desktop\STAT6207_Assignment1_Starter\data\raw\oxford-iiit-pet\images\havanese_189.jpg
train,1,dog,data\train\dog\dog_070.jpg,C:\Users\Levi\Desktop\STAT6207_Assignment1_Starter\data\raw\oxford-iiit-pet\images\beagle_133.jpg
train,1,dog,data\train\dog\dog_071.jpg,C:\Users\Levi\Desktop\STAT6207_Assignment1_Starter\data\raw\oxford-iiit-pet\images\newfoundland_10.jpg
train,1,dog,data\train\dog\dog_072.jpg,C:\Users\Levi\Desktop\STAT6207_Assignment1_Starter\data\raw\oxford-iiit-pet\images\havanese_166.jpg
train,1,dog,data\train\dog\dog_073.jpg,C:\Users\Levi\Desktop\STAT6207_Assignment1_Starter\data\raw\oxford-iiit-pet\images\wheaten_terrier_118.jpg
train,1,dog,data\train\dog\dog_074.jpg,C:\Users\Levi\Desktop\STAT6207_Assignment1_Starter\data\raw\oxford-iiit-pet\images\pug_171.jpg
train,1,dog,data\train\dog\dog_075.jpg,C:\Users\Levi\Desktop\STAT6207_Assignment1_Starter\data\raw\oxford-iiit-pet\images\havanese_171.jpg
train,1,dog,data\train\dog\dog_076.jpg,C:\Users\Levi\Desktop\STAT6207_Assignment1_Starter\data\raw\oxford-iiit-pet\images\saint_bernard_132.jpg
train,1,dog,data\train\dog\dog_077.jpg,C:\Users\Levi\Desktop\STAT6207_Assignment1_Starter\data\raw\oxford-iiit-pet\images\pomeranian_167.jpg
train,1,dog,data\train\dog\dog_078.jpg,C:\Users\Levi\Desktop\STAT6207_Assignment1_Starter\data\raw\oxford-iiit-pet\images\shiba_inu_155.jpg
train,1,dog,data\train\dog\dog_079.jpg,C:\Users\Levi\Desktop\STAT6207_Assignment1_Starter\data\raw\oxford-iiit-pet\images\pug_184.jpg
train,1,dog,data\train\dog\dog_080.jpg,C:\Users\Levi\Desktop\STAT6207_Assignment1_Starter\data\raw\oxford-iiit-pet\images\yorkshire_terrier_127.jpg
train,1,dog,data\train\dog\dog_081.jpg,C:\Users\Levi\Desktop\STAT6207_Assignment1_Starter\data\raw\oxford-iiit-pet\images\english_setter_163.jpg
train,1,dog,data\train\dog\dog_082.jpg,C:\Users\Levi\Desktop\STAT6207_Assignment1_Starter\data\raw\oxford-iiit-pet\images\leonberger_179.jpg
train,1,dog,data\train\dog\dog_083.jpg,C:\Users\Levi\Desktop\STAT6207_Assignment1_Starter\data\raw\oxford-iiit-pet\images\boxer_102.jpg
train,1,dog,data\train\dog\dog_084.jpg,C:\Users\Levi\Desktop\STAT6207_Assignment1_Starter\data\raw\oxford-iiit-pet\images\samoyed_16.jpg
train,1,dog,data\train\dog\dog_085.jpg,C:\Users\Levi\Desktop\STAT6207_Assignment1_Starter\data\raw\oxford-iiit-pet\images\scottish_terrier_128.jpg
train,1,dog,data\train\dog\dog_086.jpg,C:\Users\Levi\Desktop\STAT6207_Assignment1_Starter\data\raw\oxford-iiit-pet\images\japanese_chin_168.jpg
train,1,dog,data\train\dog\dog_087.jpg,C:\Users\Levi\Desktop\STAT6207_Assignment1_Starter\data\raw\oxford-iiit-pet\images\chihuahua_133.jpg
train,1,dog,data\train\dog\dog_088.jpg,C:\Users\Levi\Desktop\STAT6207_Assignment1_Starter\data\raw\oxford-iiit-pet\images\english_setter_160.jpg
train,1,dog,data\train\dog\dog_089.jpg,C:\Users\Levi\Desktop\STAT6207_Assignment1_Starter\data\raw\oxford-iiit-pet\images\american_pit_bull_terrier_159.jpg
train,1,dog,data\train\dog\dog_090.jpg,C:\Users\Levi\Desktop\STAT6207_Assignment1_Starter\data\raw\oxford-iiit-pet\images\yorkshire_terrier_105.jpg
train,1,dog,data\train\dog\dog_091.jpg,C:\Users\Levi\Desktop\STAT6207_Assignment1_Starter\data\raw\oxford-iiit-pet\images\chihuahua_152.jpg
train,1,dog,data\train\dog\dog_092.jpg,C:\Users\Levi\Desktop\STAT6207_Assignment1_Starter\data\raw\oxford-iiit-pet\images\boxer_159.jpg
train,1,dog,data\train\dog\dog_093.jpg,C:\Users\Levi\Desktop\STAT6207_Assignment1_Starter\data\raw\oxford-iiit-pet\images\samoyed_141.jpg
train,1,dog,data\train\dog\dog_094.jpg,C:\Users\Levi\Desktop\STAT6207_Assignment1_Starter\data\raw\oxford-iiit-pet\images\chihuahua_126.jpg
train,1,dog,data\train\dog\dog_095.jpg,C:\Users\Levi\Desktop\STAT6207_Assignment1_Starter\data\raw\oxford-iiit-pet\images\beagle_104.jpg
train,1,dog,data\train\dog\dog_096.jpg,C:\Users\Levi\Desktop\STAT6207_Assignment1_Starter\data\raw\oxford-iiit-pet\images\basset_hound_168.jpg
train,1,dog,data\train\dog\dog_097.jpg,C:\Users\Levi\Desktop\STAT6207_Assignment1_Starter\data\raw\oxford-iiit-pet\images\japanese_chin_155.jpg
train,1,dog,data\train\dog\dog_098.jpg,C:\Users\Levi\Desktop\STAT6207_Assignment1_Starter\data\raw\oxford-iiit-pet\images\staffordshire_bull_terrier_131.jpg
train,1,dog,data\train\dog\dog_099.jpg,C:\Users\Levi\Desktop\STAT6207_Assignment1_Starter\data\raw\oxford-iiit-pet\images\pug_119.jpg
train,1,dog,data\train\dog\dog_100.jpg,C:\Users\Levi\Desktop\STAT6207_Assignment1_Starter\data\raw\oxford-iiit-pet\images\american_bulldog_171.jpg
train,1,dog,data\train\dog\dog_101.jpg,C:\Users\Levi\Desktop\STAT6207_Assignment1_Starter\data\raw\oxford-iiit-pet\images\miniature_pinscher_154.jpg
train,1,dog,data\train\dog\dog_102.jpg,C:\Users\Levi\Desktop\STAT6207_Assignment1_Starter\data\raw\oxford-iiit-pet\images\pomeranian_102.jpg
train,1,dog,data\train\dog\dog_103.jpg,C:\Users\Levi\Desktop\STAT6207_Assignment1_Starter\data\raw\oxford-iiit-pet\images\basset_hound_167.jpg
train,1,dog,data\train\dog\dog_104.jpg,C:\Users\Levi\Desktop\STAT6207_Assignment1_Starter\data\raw\oxford-iiit-pet\images\newfoundland_174.jpg
train,1,dog,data\train\dog\dog_105.jpg,C:\Users\Levi\Desktop\STAT6207_Assignment1_Starter\data\raw\oxford-iiit-pet\images\basset_hound_131.jpg
train,1,dog,data\train\dog\dog_106.jpg,C:\Users\Levi\Desktop\STAT6207_Assignment1_Starter\data\raw\oxford-iiit-pet\images\english_setter_102.jpg
train,1,dog,data\train\dog\dog_107.jpg,C:\Users\Levi\Desktop\STAT6207_Assignment1_Starter\data\raw\oxford-iiit-pet\images\leonberger_122.jpg
train,1,dog,data\train\dog\dog_108.jpg,C:\Users\Levi\Desktop\STAT6207_Assignment1_Starter\data\raw\oxford-iiit-pet\images\basset_hound_185.jpg
train,1,dog,data\train\dog\dog_109.jpg,C:\Users\Levi\Desktop\STAT6207_Assignment1_Starter\data\raw\oxford-iiit-pet\images\english_cocker_spaniel_154.jpg
train,1,dog,data\train\dog\dog_110.jpg,C:\Users\Levi\Desktop\STAT6207_Assignment1_Starter\data\raw\oxford-iiit-pet\images\english_setter_144.jpg
train,1,dog,data\train\dog\dog_111.jpg,C:\Users\Levi\Desktop\STAT6207_Assignment1_Starter\data\raw\oxford-iiit-pet\images\keeshond_160.jpg
train,1,dog,data\train\dog\dog_112.jpg,C:\Users\Levi\Desktop\STAT6207_Assignment1_Starter\data\raw\oxford-iiit-pet\images\chihuahua_120.jpg
train,1,dog,data\train\dog\dog_113.jpg,C:\Users\Levi\Desktop\STAT6207_Assignment1_Starter\data\raw\oxford-iiit-pet\images\leonberger_184.jpg
train,1,dog,data\train\dog\dog_114.jpg,C:\Users\Levi\Desktop\STAT6207_Assignment1_Starter\data\raw\oxford-iiit-pet\images\staffordshire_bull_terrier_165.jpg
train,1,dog,data\train\dog\dog_115.jpg,C:\Users\Levi\Desktop\STAT6207_Assignment1_Starter\data\raw\oxford-iiit-pet\images\english_setter_151.jpg
train,1,dog,data\train\dog\dog_116.jpg,C:\Users\Levi\Desktop\STAT6207_Assignment1_Starter\data\raw\oxford-iiit-pet\images\english_setter_112.jpg
train,1,dog,data\train\dog\dog_117.jpg,C:\Users\Levi\Desktop\STAT6207_Assignment1_Starter\data\raw\oxford-iiit-pet\images\boxer_115.jpg
train,1,dog,data\train\dog\dog_118.jpg,C:\Users\Levi\Desktop\STAT6207_Assignment1_Starter\data\raw\oxford-iiit-pet\images\keeshond_149.jpg
train,1,dog,data\train\dog\dog_119.jpg,C:\Users\Levi\Desktop\STAT6207_Assignment1_Starter\data\raw\oxford-iiit-pet\images\staffordshire_bull_terrier_10.jpg
train,1,dog,data\train\dog\dog_120.jpg,C:\Users\Levi\Desktop\STAT6207_Assignment1_Starter\data\raw\oxford-iiit-pet\images\basset_hound_105.jpg
test,0,cat,data\test\cat\cat_001.jpg,C:\Users\Levi\Desktop\STAT6207_Assignment1_Starter\data\raw\oxford-iiit-pet\images\Persian_99.jpg
test,0,cat,data\test\cat\cat_002.jpg,C:\Users\Levi\Desktop\STAT6207_Assignment1_Starter\data\raw\oxford-iiit-pet\images\Ragdoll_24.jpg
test,0,cat,data\test\cat\cat_003.jpg,C:\Users\Levi\Desktop\STAT6207_Assignment1_Starter\data\raw\oxford-iiit-pet\images\Maine_Coon_231.jpg
test,0,cat,data\test\cat\cat_004.jpg,C:\Users\Levi\Desktop\STAT6207_Assignment1_Starter\data\raw\oxford-iiit-pet\images\Abyssinian_22.jpg
test,0,cat,data\test\cat\cat_005.jpg,C:\Users\Levi\Desktop\STAT6207_Assignment1_Starter\data\raw\oxford-iiit-pet\images\Maine_Coon_98.jpg
test,1,dog,data\test\dog\dog_001.jpg,C:\Users\Levi\Desktop\STAT6207_Assignment1_Starter\data\raw\oxford-iiit-pet\images\scottish_terrier_191.jpg
test,1,dog,data\test\dog\dog_002.jpg,C:\Users\Levi\Desktop\STAT6207_Assignment1_Starter\data\raw\oxford-iiit-pet\images\pug_78.jpg
test,1,dog,data\test\dog\dog_003.jpg,C:\Users\Levi\Desktop\STAT6207_Assignment1_Starter\data\raw\oxford-iiit-pet\images\shiba_inu_5.jpg
test,1,dog,data\test\dog\dog_004.jpg,C:\Users\Levi\Desktop\STAT6207_Assignment1_Starter\data\raw\oxford-iiit-pet\images\miniature_pinscher_75.jpg
test,1,dog,data\test\dog\dog_005.jpg,C:\Users\Levi\Desktop\STAT6207_Assignment1_Starter\data\raw\oxford-iiit-pet\images\basset_hound_95.jpg
